,Nucleus,Exosome,Cytosol,Cytoplasm,Ribosome,Membrane,Endoplasmic reticulum,Microvesicle,Mitochondrion,Prediction
>test1,0.17189322,0.1473905,0.00044787672,0.53338087,5.273795e-05,9.111773e-06,4.972079e-05,8.46982e-07,5.8768255e-06,Cytosol
>test2,0.6949832,0.15733871,0.0006928074,0.100181326,0.000106013074,8.179888e-05,0.00049592793,6.821419e-06,5.9108013e-05,Nucleus
