,Nucleus,Exosome,Cytosol,Cytoplasm,Ribosome,Membrane,Endoplasmic reticulum,Microvesicle,Mitochondrion,Prediction
>test1,0.70906854,0.987761,0.103139184,0.44764137,0.23452614,0.076700546,0.107407995,7.421568e-08,0.00018649922,Exosome/Ribosome
>test2,0.8850105,0.99588543,0.23877509,0.7527176,0.21457288,0.32121313,0.08635684,4.226495e-09,8.0979604e-05,Nucleus/Exosome/Cytosol/Ribosome/Endoplasmic reticulum
