,Nucleus,Exosome,Cytosol,Cytoplasm,Ribosome,Membrane,Endoplasmic reticulum,Microvesicle,Mitochondrion,Prediction
>test1,0.17433266,0.13255166,0.00057575613,0.6409742,6.964307e-05,1.1449959e-05,6.310872e-05,1.0251824e-06,5.598762e-06,Ribosome
>test2,0.69858366,0.14166473,0.0008905576,0.14813055,0.0001399931,0.0001027873,0.0006293857,8.2565975e-06,5.6311444e-05,
